obj1,obj2,obj3
0,1,0.926875232
0.000166987,0.98707679,0.98707679
0.000355607,0.981138473,0.918521724
0.000502083,0.977584873,0.923942232
0.000593637,0.975624266,0.918521724
0.000852686,0.970776381,0.897030893
0.000959449,0.968996105,0.926875232
0.001538384,0.960703436,0.98707679
0.002057097,0.954511926,0.897030893
0.00260491,0.94874874,0.923942232
0.003076769,0.944234435,0.923942232
0.003418068,0.941169425,0.98707679
